,movie,year,runtime,imdb,metascore,votes,grossMillions
0,Dara of Jasenovac,2020,130,8.7,,51892,
1,Soul,2020,100,8.1,83.0,172275,
2,Groundhog Day,1993,101,8.0,72.0,580305,70.91
3,The Sound of Music,1965,172,8.0,63.0,206581,163.21
4,Avengers: Endgame,2019,181,8.4,78.0,815967,858.37
5,Deadpool 2,2018,119,7.7,66.0,480793,324.59
6,Knives Out,2019,130,7.9,82.0,459106,165.36
7,The Trial of the Chicago 7,2020,129,7.8,77.0,94997,
8,The Big Short,2015,130,7.8,81.0,365865,70.26
9,The Wolf of Wall Street,2013,180,8.2,75.0,1192789,116.9
10,The Godfather,1972,175,9.2,100.0,1624680,134.97
11,Sound of Metal,2019,120,7.8,81.0,30919,
12,The Gentlemen,2019,113,7.8,51.0,241671,
13,Parasite,2019,132,8.6,96.0,559372,53.37
14,Once Upon a Time... In Hollywood,2019,161,7.6,83.0,555127,142.5
15,Another Round,2020,117,7.8,81.0,38112,
16,The Shawshank Redemption,1994,142,9.3,80.0,2348457,28.34
17,Bohemian Rhapsody,2018,134,8.0,49.0,452248,216.43
18,Harry Potter and the Sorcerer's Stone,2001,152,7.6,64.0,660050,317.58
19,Pulp Fiction,1994,154,8.9,94.0,1830472,107.93
20,The Lord of the Rings: The Fellowship of the Ring,2001,178,8.8,92.0,1665091,315.54
21,Interstellar,2014,169,8.6,74.0,1517232,188.02
22,1917,2019,119,8.3,78.0,430719,159.23
23,The Goonies,1985,114,7.8,62.0,244979,61.5
24,The Dark Knight,2008,152,9.0,84.0,2308309,534.86
25,Avengers: Infinity War,2018,149,8.4,68.0,838478,678.82
26,Joker,2019,122,8.4,59.0,945413,335.45
27,Inception,2010,148,8.8,74.0,2072234,292.58
28,Titanic,1997,194,7.8,75.0,1048420,659.33
29,Shutter Island,2010,138,8.2,63.0,1133396,128.01
30,Goodfellas,1990,146,8.7,90.0,1023533,46.84
31,Hamilton,2020,160,8.5,90.0,56590,
32,Thor: Ragnarok,2017,130,7.9,74.0,589908,315.06
33,Back to the Future,1985,116,8.5,87.0,1060700,210.61
34,Se7en,1995,127,8.6,65.0,1448977,100.13
35,The Silence of the Lambs,1991,118,8.6,85.0,1273378,130.74
36,American Psycho,2000,101,7.6,64.0,492142,15.07
37,The Departed,2006,151,8.5,85.0,1192652,132.38
38,Guardians of the Galaxy,2014,121,8.0,76.0,1045405,333.18
39,Forrest Gump,1994,142,8.8,82.0,1814069,330.25
40,The Matrix,1999,136,8.7,73.0,1680344,171.48
41,Inglourious Basterds,2009,153,8.3,69.0,1271365,120.54
42,X-Men: Days of Future Past,2014,132,7.9,75.0,660758,233.92
43,Fight Club,1999,139,8.8,66.0,1859098,37.03
44,Jojo Rabbit,2019,108,7.9,58.0,300476,0.35
45,Gone Girl,2014,149,8.1,79.0,862017,167.77
46,Pride & Prejudice,2005,129,7.8,82.0,259725,38.41
47,Deadpool,2016,108,8.0,65.0,904406,363.07
48,Blade Runner 2049,2017,164,8.0,81.0,463552,92.05
49,The Intouchables,2011,112,8.5,57.0,762796,13.18
50,Requiem for a Dream,2000,102,8.3,68.0,768556,3.64
51,Schindler's List,1993,195,8.9,94.0,1216108,96.9
52,Guardians of the Galaxy Vol. 2,2017,136,7.6,67.0,571718,389.81
53,Call Me by Your Name,2017,132,7.9,93.0,214095,18.1
54,Into the Wild,2007,148,8.1,73.0,574148,18.35
55,The Girl with the Dragon Tattoo,2011,158,7.8,71.0,424107,102.52
56,The Prestige,2006,130,8.5,66.0,1193083,53.09
57,Ford v Ferrari,2019,152,8.1,81.0,293729,117.62
58,Prisoners,2013,153,8.1,70.0,603009,61.0
59,The Avengers,2012,143,8.0,69.0,1262743,623.28
60,The Princess Bride,1987,98,8.0,77.0,394460,30.86
61,Green Book,2018,130,8.2,69.0,381150,85.08
62,Saving Private Ryan,1998,169,8.6,91.0,1238683,216.54
63,Little Women,2019,135,7.8,91.0,144596,108.1
64,Mad Max: Fury Road,2015,120,8.1,90.0,884381,154.06
65,The Godfather: Part II,1974,202,9.0,90.0,1132683,57.3
66,Django Unchained,2012,165,8.4,81.0,1361380,162.81
67,No Country for Old Men,2007,122,8.1,91.0,859123,74.28
68,Léon: The Professional,1994,110,8.5,64.0,1037794,19.5
69,Get Out,2017,104,7.7,85.0,494521,176.04
70,The Lord of the Rings: The Return of the King,2003,201,8.9,94.0,1646071,377.85
71,Harry Potter and the Deathly Hallows: Part 2,2011,130,8.1,85.0,766378,381.01
72,Baby Driver,2017,113,7.6,86.0,440967,107.83
73,Iron Man,2008,126,7.9,79.0,941557,318.41
74,Gladiator,2000,155,8.5,67.0,1344217,187.71
75,The Hobbit: An Unexpected Journey,2012,169,7.8,58.0,758448,303.0
76,Alien,1979,117,8.4,89.0,789514,78.9
77,Star Wars: Episode IV - A New Hope,1977,121,8.6,90.0,1233945,322.74
78,Pirates of the Caribbean: The Curse of the Black Pearl,2003,143,8.0,63.0,1016380,305.41
79,The Dark Knight Rises,2012,164,8.4,78.0,1519337,448.14
80,The Irishman,2019,209,7.9,94.0,326432,7.0
81,The Grand Budapest Hotel,2014,99,8.1,88.0,709703,59.1
82,Rogue One: A Star Wars Story,2016,133,7.8,65.0,557933,532.18
83,Jurassic Park,1993,127,8.1,68.0,869328,402.45
84,The Social Network,2010,120,7.7,95.0,626616,96.96
85,The Shining,1980,146,8.4,66.0,900500,44.02
86,Heat,1995,170,8.2,76.0,578736,67.44
87,Captain America: Civil War,2016,147,7.8,75.0,665573,408.08
88,Catch Me If You Can,2002,141,8.1,75.0,835699,164.62
89,Harry Potter and the Goblet of Fire,2005,157,7.7,81.0,549907,290.01
90,Apocalypse Now,1979,147,8.4,94.0,607780,83.47
91,Dazed and Confused,1993,102,7.6,78.0,165870,7.99
92,Taxi Driver,1976,114,8.2,94.0,726656,28.26
93,Dark Waters,2019,126,7.6,73.0,61462,
94,Nightcrawler,2014,117,7.9,76.0,467790,32.38
95,Batman Begins,2005,140,8.2,70.0,1310763,206.85
96,There Will Be Blood,2007,158,8.2,93.0,518812,40.22
97,Once Upon a Time in America,1984,229,8.4,,312266,5.32
98,The Usual Suspects,1995,106,8.5,77.0,993269,23.34
99,The Green Mile,1999,189,8.6,61.0,1150791,136.8
100,Dallas Buyers Club,2013,117,8.0,80.0,442745,27.3
101,The Lord of the Rings: The Two Towers,2002,179,8.7,87.0,1488646,342.55
102,Whiplash,2014,106,8.5,88.0,719920,13.09
103,American Beauty,1999,122,8.3,84.0,1071619,130.1
104,Drive,2011,100,7.8,78.0,572750,35.06
105,Braveheart,1995,178,8.3,68.0,960799,75.6
106,The Help,2011,146,8.0,62.0,429373,169.71
107,"Three Billboards Outside Ebbing, Missouri",2017,115,8.2,88.0,434638,54.51
108,Wind River,2017,107,7.7,73.0,206686,33.8
109,Good Will Hunting,1997,126,8.3,70.0,863688,138.43
110,The Peanut Butter Falcon,2019,97,7.6,70.0,67197,13.12
111,Hacksaw Ridge,2016,139,8.1,71.0,437570,67.21
112,Mulholland Drive,2001,147,7.9,85.0,322886,7.22
113,Zodiac,2007,157,7.7,78.0,467778,33.08
114,A Beautiful Mind,2001,135,8.2,72.0,850892,170.74
115,Watchmen,2009,162,7.6,56.0,501533,107.51
116,The Revenant,2015,156,8.0,76.0,707464,183.64
117,The Truman Show,1998,103,8.1,90.0,942359,125.62
118,"O Brother, Where Art Thou?",2000,107,7.7,69.0,287581,45.51
119,Dead Poets Society,1989,128,8.1,79.0,426898,95.86
120,The Hateful Eight,2015,168,7.8,68.0,518704,54.12
121,About Time,2013,123,7.8,55.0,304098,15.32
122,Sicario,2015,121,7.6,82.0,372251,46.89
123,The Last of the Mohicans,1992,112,7.7,76.0,150947,75.51
124,Star Wars: Episode VII - The Force Awakens,2015,138,7.9,80.0,862206,936.66
125,Captain America: The Winter Soldier,2014,136,7.7,70.0,737906,259.77
126,Spider-Man: Into the Spider-Verse,2018,117,8.4,87.0,377595,190.24
127,Boogie Nights,1997,155,7.9,85.0,239980,26.4
128,Blade Runner,1982,117,8.1,84.0,695133,32.87
129,Avatar,2009,162,7.8,83.0,1120477,760.51
130,Mission: Impossible - Fallout,2018,147,7.7,86.0,292000,220.16
131,The Fifth Element,1997,126,7.7,52.0,434749,63.54
132,Dunkirk,2017,106,7.8,94.0,556783,188.37
133,The Last Picture Show,1971,118,8.0,93.0,42667,29.13
134,Stardust,2007,127,7.6,66.0,255392,38.63
135,The Notebook,2004,123,7.8,53.0,521357,81.0
136,Spirited Away,2001,125,8.6,96.0,653642,10.06
137,Training Day,2001,122,7.7,69.0,391360,76.63
138,Snatch,2000,102,8.3,55.0,783473,30.33
139,Donnie Darko,2001,113,8.0,88.0,741179,1.48
140,Up,2009,96,8.2,88.0,937681,293.0
141,Kingsman: The Secret Service,2014,129,7.7,60.0,591341,128.26
142,Terminator 2: Judgment Day,1991,137,8.5,75.0,997281,204.84
143,Citizen Kane,1941,119,8.3,100.0,404449,1.59
144,Stand by Me,1986,89,8.1,75.0,364062,52.29
145,Memento,2000,113,8.4,80.0,1127974,25.54
146,Apollo 13,1995,140,7.6,77.0,269804,173.84
147,Moana,2016,107,7.6,81.0,273724,248.76
148,One Flew Over the Cuckoo's Nest,1975,133,8.7,83.0,919955,112.0
149,Star Trek,2009,127,7.9,82.0,577795,257.73
150,Harry Potter and the Prisoner of Azkaban,2004,142,7.9,82.0,553814,249.36
151,Casino Royale,2006,144,8.0,80.0,583038,167.45
152,The Big Lebowski,1998,117,8.1,71.0,734030,17.5
153,12 Angry Men,1957,96,9.0,96.0,691829,4.36
154,Ratatouille,2007,111,8.0,96.0,643059,206.45
155,A Star Is Born,2018,136,7.6,88.0,335558,215.29
156,A Clockwork Orange,1971,136,8.3,77.0,759412,6.21
157,Kill Bill: Vol. 1,2003,111,8.1,69.0,1002743,70.1
158,The Lion King,1994,88,8.5,88.0,944299,422.78
159,My Fair Lady,1964,170,7.8,95.0,86672,72.0
160,Aliens,1986,137,8.3,84.0,653876,85.16
161,The Hunt,2012,115,8.3,77.0,282838,0.69
162,Kick-Ass,2010,117,7.6,66.0,524655,48.07
163,Reservoir Dogs,1992,99,8.3,79.0,920643,2.83
164,Full Metal Jacket,1987,116,8.3,76.0,676609,46.36
165,Inside Man,2006,129,7.6,76.0,340708,88.51
166,300,2006,117,7.6,52.0,733750,210.61
167,Portrait of a Lady on Fire,2019,122,8.1,95.0,64068,3.76
168,The Hobbit: The Desolation of Smaug,2013,161,7.8,66.0,602369,258.37
169,X-Men: First Class,2011,131,7.7,65.0,646310,146.41
170,Room,2015,118,8.1,86.0,372800,14.68
171,Jaws,1975,124,8.0,87.0,544064,260.0
172,Fargo,1996,98,8.1,85.0,618811,24.61
173,La La Land,2016,128,8.0,94.0,507540,151.1
174,Almost Famous,2000,122,7.9,90.0,253062,32.53
175,American History X,1998,119,8.5,62.0,1036514,6.72
176,Skyfall,2012,143,7.7,81.0,631275,304.36
177,Scarface,1983,170,8.3,65.0,742733,45.6
178,Eternal Sunshine of the Spotless Mind,2004,108,8.3,89.0,913474,34.4
179,Hidden Figures,2016,127,7.8,74.0,201409,169.61
180,The Bourne Identity,2002,119,7.9,68.0,509510,121.66
181,12 Monkeys,1995,129,8.0,74.0,579430,57.14
182,Logan,2017,137,8.1,77.0,649624,226.28
183,The Imitation Game,2014,114,8.0,73.0,686849,91.13
184,The Terminator,1984,107,8.0,84.0,800715,38.4
185,Isle of Dogs,2018,101,7.9,82.0,139743,32.02
186,Wonder,2017,113,8.0,66.0,142833,132.42
187,Casino,1995,178,8.2,73.0,467516,42.44
188,Howl's Moving Castle,2004,119,8.2,80.0,335247,4.71
189,Ocean's Eleven,2001,116,7.7,74.0,517404,183.42
190,Coco,2017,105,8.4,81.0,386746,209.73
191,Atonement,2007,123,7.8,85.0,252055,50.93
192,"The Good, the Bad and the Ugly",1966,178,8.8,90.0,689886,6.1
193,Harry Potter and the Deathly Hallows: Part 1,2010,146,7.7,65.0,480306,295.98
194,Captain Fantastic,2016,118,7.9,72.0,190110,5.88
195,Indiana Jones and the Raiders of the Lost Ark,1981,115,8.4,85.0,885641,248.16
196,Her,2013,126,8.0,90.0,542171,25.57
197,Star Wars: Episode VI - Return of the Jedi,1983,131,8.3,58.0,952430,309.13
198,Tombstone,1993,130,7.8,50.0,127098,56.51
199,Oldboy,2003,120,8.4,77.0,516776,0.71
200,Ex Machina,2014,108,7.7,78.0,475157,25.44
201,Zootopia,2016,108,8.0,78.0,435203,341.27
202,Star Wars: Episode V - The Empire Strikes Back,1980,124,8.7,82.0,1161784,290.48
203,The Hangover,2009,100,7.7,73.0,718444,277.32
204,Spotlight,2015,129,8.1,93.0,421540,45.06
205,The Invisible Guest,2016,106,8.1,,142716,
206,Arrival,2016,116,7.9,81.0,595834,100.55
207,City of God,2002,130,8.6,79.0,700490,7.56
208,Harry Potter and the Half-Blood Prince,2009,153,7.6,78.0,476038,301.96
209,The Breakfast Club,1985,97,7.8,66.0,357634,45.88
210,True Romance,1993,119,7.9,59.0,207288,12.28
211,The Handmaiden,2016,145,8.1,84.0,114418,2.01
212,Platoon,1986,120,8.1,92.0,381964,138.53
213,The Pianist,2002,150,8.5,85.0,731605,32.57
214,What's Eating Gilbert Grape,1993,118,7.8,73.0,215520,9.17
215,The Godfather: Part III,1990,162,7.6,60.0,360708,66.67
216,The Perks of Being a Wallflower,2012,103,8.0,67.0,463127,17.74
217,Inside Out,2015,95,8.1,94.0,618328,356.46
218,2001: A Space Odyssey,1968,149,8.3,84.0,604837,56.95
219,Black Swan,2010,108,8.0,79.0,700793,106.95
220,Chinatown,1974,130,8.1,92.0,294985,6.91
221,Toy Story 4,2019,100,7.8,84.0,204344,434.04
222,The Incredibles,2004,115,8.0,90.0,658226,261.44
223,12 Years a Slave,2013,134,8.1,96.0,642011,56.67
224,Home Alone,1990,103,7.6,63.0,489680,285.76
225,Predator,1987,107,7.8,45.0,372025,59.74
226,Young Frankenstein,1974,106,8.0,80.0,143689,86.3
227,Your Name.,2016,106,8.4,79.0,196452,5.02
228,Brokeback Mountain,2005,134,7.7,87.0,323700,83.04
229,Lost in Translation,2003,102,7.7,89.0,416031,44.59
230,L.A. Confidential,1997,138,8.2,90.0,533022,64.62
231,A Few Good Men,1992,138,7.7,62.0,235861,141.34
232,Big Fish,2003,125,8.0,58.0,415830,66.26
233,Life Is Beautiful,1997,116,8.6,59.0,625283,57.6
234,Psycho,1960,109,8.5,97.0,605603,32.0
235,V for Vendetta,2005,132,8.2,62.0,1034486,70.51
236,Die Hard,1988,132,8.2,72.0,794436,83.01
237,Marriage Story,2019,137,7.9,94.0,248151,2.0
238,The Conversation,1974,113,7.8,85.0,98943,4.42
239,Warrior,2011,140,8.2,71.0,436773,13.66
240,The Blind Side,2009,129,7.6,53.0,293921,255.96
241,The Martian,2015,144,8.0,80.0,761706,228.43
242,Willy Wonka & the Chocolate Factory,1971,100,7.8,67.0,179055,4.0
243,Sherlock Holmes,2009,128,7.6,57.0,583930,209.03
244,Ghostbusters,1984,105,7.8,71.0,355964,238.63
245,Back to the Future Part II,1989,108,7.8,57.0,482738,118.5
246,Pan's Labyrinth,2006,118,8.2,98.0,619672,37.63
247,Mary Poppins,1964,139,7.8,88.0,158308,102.27
248,Edge of Tomorrow,2014,113,7.9,71.0,601128,100.21
249,The Blues Brothers,1980,133,7.9,60.0,183520,57.23
250,From Here to Eternity,1953,118,7.6,85.0,43466,30.5
251,The Curious Case of Benjamin Button,2008,166,7.8,70.0,590414,127.51
252,Apocalypto,2006,139,7.8,68.0,291400,50.87
253,Toy Story,1995,81,8.3,95.0,889409,191.8
254,The Machinist,2004,101,7.7,61.0,359113,1.08
255,Moneyball,2011,133,7.6,87.0,370690,75.61
256,Kill Bill: Vol. 2,2004,137,8.0,83.0,685297,66.21
257,American Gangster,2007,157,7.8,76.0,393195,130.16
258,Just Mercy,2019,137,7.6,68.0,47326,
259,Manchester by the Sea,2016,137,7.8,96.0,247806,47.7
260,The Bourne Supremacy,2004,108,7.7,73.0,435420,176.24
261,Shaun of the Dead,2004,99,7.9,76.0,513033,13.54
262,Hunt for the Wilderpeople,2016,101,7.9,81.0,111909,5.2
263,The Thing,1982,109,8.1,57.0,372055,13.78
264,Capernaum,2018,126,8.4,75.0,63399,1.66
265,Man on Fire,2004,146,7.7,47.0,330176,77.91
266,Minority Report,2002,145,7.6,80.0,509171,132.07
267,Remember the Titans,2000,113,7.8,48.0,198504,115.65
268,"Lock, Stock and Two Smoking Barrels",1998,107,8.2,66.0,536195,3.9
269,Cool Hand Luke,1967,127,8.1,92.0,162327,16.22
270,Casablanca,1942,102,8.5,100.0,523136,1.02
271,Trainspotting,1996,93,8.1,83.0,635734,16.5
272,The Graduate,1967,106,8.0,83.0,254103,104.95
273,Do the Right Thing,1989,120,8.0,93.0,89812,27.55
274,28 Days Later...,2002,113,7.6,73.0,377403,45.06
275,Hot Fuzz,2007,121,7.8,81.0,464171,23.64
276,Silver Linings Playbook,2012,122,7.7,81.0,662882,132.09
277,Fantastic Mr. Fox,2009,87,7.9,83.0,200407,21.0
278,Memories of Murder,2003,132,8.1,82.0,140414,0.01
279,Gone with the Wind,1939,238,8.1,97.0,290646,198.68
280,Dr. Strangelove or: How I Learned to Stop Worrying and Love the Bomb,1964,95,8.4,97.0,451459,0.28
281,The Fugitive,1993,130,7.8,87.0,268130,183.88
282,Unforgiven,1992,130,8.2,85.0,376737,101.16
283,Birdman or (The Unexpected Virtue of Ignorance),2014,119,7.7,87.0,581392,42.34
284,On the Waterfront,1954,108,8.1,91.0,142443,9.6
285,Saw,2004,103,7.6,46.0,379608,56.0
286,Argo,2012,120,7.7,86.0,573416,136.03
287,The Insider,1999,157,7.8,84.0,160201,28.97
288,Rocky,1976,120,8.1,70.0,519630,117.24
289,The Bourne Ultimatum,2007,115,8.0,85.0,605237,227.47
290,Sin City,2005,124,8.0,74.0,738907,74.1
291,The Lives of Others,2006,137,8.4,89.0,359573,11.29
292,The Sixth Sense,1999,107,8.1,64.0,912975,293.51
293,Glory,1989,122,7.8,78.0,123218,26.83
294,The Exorcist,1973,122,8.0,81.0,362819,232.91
295,All the President's Men,1976,138,7.9,84.0,103411,70.6
296,Donnie Brasco,1997,127,7.7,76.0,280180,41.91
297,Cast Away,2000,143,7.8,73.0,525422,233.63
298,Downfall,2004,156,8.2,82.0,331951,5.51
299,Tangled,2010,100,7.7,71.0,406723,200.82
300,Once Upon a Time in the West,1968,165,8.5,80.0,303513,5.32
301,How to Train Your Dragon,2010,98,8.1,75.0,668172,217.58
302,Ferris Bueller's Day Off,1986,103,7.8,61.0,321885,70.14
303,Shrek,2001,90,7.8,84.0,614920,267.67
304,Mulan,1998,88,7.6,71.0,257452,120.62
305,Serenity,2005,119,7.8,74.0,283570,25.51
306,Scent of a Woman,1992,156,8.0,59.0,264668,63.9
307,Come and See,1985,142,8.3,,59498,
308,Finding Nemo,2003,100,8.1,90.0,951360,380.84
309,Mystic River,2003,138,7.9,84.0,420066,90.14
310,Crash,2004,112,7.7,66.0,419912,54.58
311,The Wizard of Oz,1939,102,8.0,92.0,371715,2.08
312,Magnolia,1999,188,8.0,77.0,290202,22.46
313,Taken,2008,90,7.8,51.0,565425,145.0
314,Gone Baby Gone,2007,114,7.6,72.0,251064,20.3
315,Moonrise Kingdom,2012,94,7.8,84.0,319376,45.51
316,Incredibles 2,2018,118,7.6,80.0,251012,608.58
317,"Monsters, Inc.",2001,92,8.1,79.0,817257,289.92
318,The Deer Hunter,1978,183,8.1,86.0,312026,48.98
319,Eastern Promises,2007,100,7.6,82.0,228143,17.11
320,The Last Samurai,2003,154,7.7,55.0,400671,111.11
321,True Grit,2010,110,7.6,80.0,312393,171.24
322,The Theory of Everything,2014,123,7.7,72.0,405259,35.89
323,WALL·E,2008,98,8.4,95.0,1002000,223.81
324,Misery,1990,107,7.8,75.0,185182,61.28
325,Changeling,2008,141,7.7,63.0,239579,35.74
326,Zombieland,2009,88,7.6,73.0,520745,75.59
327,Amélie,2001,122,8.3,69.0,704988,33.23
328,Road to Perdition,2002,117,7.7,72.0,247282,104.45
329,The Royal Tenenbaums,2001,110,7.6,76.0,267308,52.36
330,The Butterfly Effect,2004,113,7.6,30.0,452088,57.94
331,E.T. the Extra-Terrestrial,1982,115,7.8,91.0,373116,435.11
332,Office Space,1999,89,7.7,68.0,241946,10.82
333,The Fighter,2010,116,7.8,79.0,341280,93.62
334,Blood Diamond,2006,143,8.0,64.0,500358,57.37
335,Incendies,2010,130,8.3,80.0,150664,6.86
336,First Blood,1982,93,7.7,61.0,226951,47.21
337,The Untouchables,1987,119,7.9,79.0,282485,76.27
338,Children of Men,2006,109,7.9,84.0,465744,35.55
339,Badlands,1973,94,7.8,93.0,66179,
340,Amadeus,1984,160,8.3,88.0,369772,51.97
341,Black Hawk Down,2001,144,7.7,74.0,364765,108.64
342,Airplane!,1980,88,7.7,78.0,215299,83.4
343,Malcolm X,1992,202,7.7,73.0,86136,48.17
344,Seven Samurai,1954,207,8.6,98.0,316466,0.27
345,Dances with Wolves,1990,181,8.0,72.0,240709,184.21
346,Slumdog Millionaire,2008,120,8.0,84.0,799865,141.32
347,Life of Pi,2012,127,7.9,79.0,581689,124.99
348,Blow,2001,124,7.6,52.0,241076,52.99
349,The Thin Red Line,1998,170,7.6,78.0,173015,36.4
350,Blue Is the Warmest Colour,2013,180,7.7,89.0,139033,2.2
351,The Game,1997,129,7.8,61.0,345837,48.32
352,The King's Speech,2010,118,8.0,88.0,640576,138.8
353,Hell or High Water,2016,102,7.6,88.0,204641,26.86
354,Princess Mononoke,1997,134,8.4,76.0,344351,2.38
355,Lion,2016,118,8.0,69.0,214599,51.74
356,Searching,2018,102,7.6,71.0,141414,26.02
357,What We Do in the Shadows,2014,86,7.7,76.0,157912,3.33
358,The Sandlot,1993,101,7.8,55.0,79095,32.42
359,Million Dollar Baby,2004,132,8.1,86.0,637124,100.49
360,Blue Velvet,1986,120,7.7,76.0,181745,8.55
361,Before Sunrise,1995,101,8.1,77.0,273034,5.54
362,My Cousin Vinny,1992,120,7.6,68.0,107569,52.93
363,Charade,1963,113,7.9,83.0,68912,13.47
364,Rear Window,1954,112,8.4,100.0,445078,36.76
365,Big Hero 6,2014,102,7.8,74.0,411766,222.53
366,It's a Wonderful Life,1946,130,8.6,89.0,406686,
367,Little Miss Sunshine,2006,101,7.8,80.0,440481,59.89
368,Midnight in Paris,2011,94,7.7,81.0,388782,56.82
369,Star Trek Into Darkness,2013,132,7.7,72.0,463559,228.78
370,The Girl with the Dragon Tattoo,2009,152,7.8,76.0,209165,10.1
371,Primal Fear,1996,129,7.7,47.0,190241,56.12
372,Rosemary's Baby,1968,137,8.0,96.0,194210,
373,Indiana Jones and the Last Crusade,1989,127,8.2,65.0,693517,197.17
374,As Good as It Gets,1997,139,7.7,67.0,276198,148.48
375,The Little Mermaid,1989,83,7.6,88.0,238124,111.54
376,Gran Torino,2008,116,8.1,72.0,721617,148.1
377,Grave of the Fireflies,1988,89,8.5,94.0,236129,
378,Edward Scissorhands,1990,105,7.9,74.0,448063,56.36
379,The Others,2001,104,7.6,74.0,338222,96.52
380,The Warriors,1979,92,7.6,65.0,94052,22.49
381,The Wrestler,2008,109,7.9,80.0,289704,26.24
382,The Boy in the Striped Pajamas,2008,94,7.8,55.0,191215,9.03
383,Despicable Me,2010,95,7.6,72.0,501635,251.51
384,Who Framed Roger Rabbit,1988,104,7.7,83.0,182261,156.45
385,3 Idiots,2009,170,8.4,67.0,345384,6.53
386,Gravity,2013,91,7.7,96.0,770231,274.09
387,Deliverance,1972,109,7.7,80.0,98898,7.06
388,Rush,2013,123,8.1,74.0,433648,26.95
389,Lawrence of Arabia,1962,228,8.3,100.0,268715,44.82
390,Enter the Dragon,1973,102,7.7,83.0,96796,25.0
391,Aladdin,1992,90,8.0,86.0,374431,217.35
392,Mr. Nobody,2009,141,7.8,63.0,216822,0.0
393,Sense and Sensibility,1995,136,7.6,84.0,102845,43.18
394,The Pursuit of Happyness,2006,117,8.0,64.0,449938,163.57
395,The Florida Project,2017,111,7.6,92.0,95609,5.9
396,Sleepers,1996,147,7.6,49.0,187044,49.1
397,Beauty and the Beast,1991,84,8.0,95.0,417700,218.97
398,Boyz n the Hood,1991,112,7.8,76.0,126384,57.5
399,Captain Phillips,2013,134,7.8,82.0,421981,107.1
400,Vertigo,1958,128,8.3,100.0,365309,3.2
401,District 9,2009,112,7.9,81.0,638880,115.65
402,The Secret in Their Eyes,2009,129,8.2,80.0,193676,6.39
403,Lethal Weapon,1987,109,7.6,68.0,237245,65.21
404,Boyhood,2014,165,7.9,100.0,335931,25.38
405,Blazing Saddles,1974,93,7.7,73.0,126276,119.5
406,Empire of the Sun,1987,153,7.7,62.0,115883,22.24
407,In Bruges,2008,107,7.9,67.0,390907,7.76
408,Dog Day Afternoon,1975,125,8.0,86.0,236138,50.0
409,Falling Down,1993,113,7.6,56.0,172023,40.9
410,Toy Story 3,2010,103,8.2,92.0,758551,415.0
411,Monty Python and the Holy Grail,1975,91,8.2,91.0,501702,1.23
412,Fried Green Tomatoes,1991,130,7.7,64.0,67069,82.42
413,Rain Man,1988,133,8.0,65.0,473808,178.8
414,Breakfast at Tiffany's,1961,115,7.6,76.0,166846,
415,Carlito's Way,1993,144,7.9,65.0,201346,36.95
416,Philadelphia,1993,125,7.7,66.0,224610,77.32
417,My Neighbor Totoro,1988,86,8.2,86.0,292337,1.11
418,King Kong,1933,100,7.9,90.0,79178,10.0
419,Dangal,2016,161,8.4,,157140,12.39
420,The Elephant Man,1980,124,8.1,78.0,220629,
421,Walk the Line,2005,136,7.8,72.0,234574,119.52
422,500 Days of Summer,2009,95,7.7,76.0,472919,32.39
423,Barry Lyndon,1975,185,8.1,89.0,150311,
424,Gattaca,1997,106,7.8,64.0,281261,12.34
425,Das Boot,1981,149,8.3,86.0,232394,11.49
426,The Count of Monte Cristo,2002,131,7.8,61.0,129200,54.23
427,Fear and Loathing in Las Vegas,1998,118,7.6,41.0,260101,10.68
428,The Fault in Our Stars,2014,126,7.7,69.0,344876,124.87
429,Gifted,2017,101,7.6,60.0,99992,24.8
430,This Is Spinal Tap,1984,82,7.9,92.0,129013,0.19
431,Creed,2015,133,7.6,82.0,248107,109.77
432,Cinema Paradiso,1988,155,8.5,80.0,231440,11.99
433,Enemy at the Gates,2001,131,7.6,53.0,244123,51.4
434,To Kill a Mockingbird,1962,129,8.2,88.0,294320,
435,Bridge of Spies,2015,142,7.6,81.0,288225,72.31
436,JFK,1991,189,8.0,72.0,142368,70.41
437,The Naked Gun: From the Files of Police Squad!,1988,85,7.6,76.0,153240,78.76
438,3:10 to Yuma,2007,122,7.7,76.0,289233,53.61
439,The Man Who Would Be King,1975,129,7.8,91.0,45056,
440,Mad Max 2: The Road Warrior,1981,96,7.6,77.0,166856,12.47
441,In the Mood for Love,2000,98,8.1,85.0,124831,2.73
442,Brazil,1985,132,7.9,84.0,187843,9.93
443,Togo,2019,113,8.0,69.0,37932,
444,The Boondock Saints,1999,108,7.8,44.0,227353,0.03
445,Butch Cassidy and the Sundance Kid,1969,110,8.0,66.0,202132,102.31
446,Some Like It Hot,1959,121,8.2,98.0,244521,25.0
447,North by Northwest,1959,136,8.3,98.0,299838,13.28
448,When Harry Met Sally...,1989,95,7.6,76.0,196059,92.82
449,Halloween,1978,91,7.7,87.0,233483,47.0
450,Raging Bull,1980,129,8.2,89.0,322580,23.38
451,After Hours,1985,97,7.7,90.0,59887,10.6
452,The Magnificent Seven,1960,128,7.7,74.0,87829,4.91
453,A Bronx Tale,1993,121,7.8,80.0,128459,17.27
454,Close Encounters of the Third Kind,1977,138,7.6,90.0,185306,132.09
455,A Silent Voice: The Movie,2016,130,8.1,78.0,48455,
456,Y Tu Mamá También,2001,106,7.6,88.0,116004,13.62
457,Straight Outta Compton,2015,147,7.8,72.0,179545,161.2
458,Only the Brave,2017,134,7.6,72.0,58613,18.34
459,Billy Elliot,2000,110,7.7,74.0,126973,22.0
460,The Great Escape,1963,172,8.2,86.0,225193,12.1
461,The Color Purple,1985,154,7.8,78.0,78497,98.47
462,I Saw the Devil,2010,144,7.8,67.0,111645,0.13
463,Singin' in the Rain,1952,103,8.3,99.0,219498,8.82
464,Bonnie and Clyde,1967,111,7.8,86.0,102604,
465,Moon,2009,97,7.9,67.0,335604,5.01
466,In the Name of the Father,1993,133,8.1,84.0,157248,25.01
467,"Crouching Tiger, Hidden Dragon",2000,120,7.8,94.0,253590,128.08
468,The Seventh Seal,1957,96,8.2,88.0,165502,
469,Lost Highway,1997,134,7.6,52.0,131450,3.8
470,Goldfinger,1964,110,7.7,87.0,174427,51.08
471,Awakenings,1990,121,7.8,74.0,125681,52.1
472,Wreck-It Ralph,2012,101,7.7,72.0,380920,189.42
473,Stalker,1979,162,8.2,,117433,0.23
474,Midnight Express,1978,121,7.6,59.0,73829,35.0
475,Toy Story 2,1999,92,7.9,88.0,528524,245.85
476,Being John Malkovich,1999,113,7.7,90.0,313033,22.86
477,"Paris, Texas",1984,145,8.1,78.0,91596,2.18
478,Hachi: A Dog's Tale,2009,93,8.1,,254230,
479,Lord of War,2005,122,7.6,62.0,294475,24.15
480,Planet of the Apes,1968,112,8.0,79.0,165349,33.4
481,Dark City,1998,100,7.6,66.0,188148,14.38
482,Roma,2018,135,7.7,96.0,140866,
483,Wild Tales,2014,122,8.1,77.0,177659,3.11
484,7 Kogustaki Mucize,2019,132,8.3,,34407,
485,The Jungle Book,1967,78,7.6,65.0,166730,141.84
486,Dawn of the Planet of the Apes,2014,130,7.6,79.0,412080,208.55
487,Blood Simple,1984,99,7.6,82.0,87942,2.15
488,Ben-Hur,1959,212,8.1,90.0,219883,74.7
489,Midnight Cowboy,1969,113,7.8,79.0,101301,44.79
490,Doctor Zhivago,1965,197,8.0,69.0,70020,111.72
491,Battle Royale,2000,114,7.6,81.0,169293,
492,The Ten Commandments,1956,220,7.9,,63659,93.74
493,Dogville,2003,178,8.0,60.0,138190,1.53
494,Adaptation.,2002,115,7.7,83.0,178866,22.25
495,Ghost in the Shell,1995,83,8.0,76.0,129565,0.52
496,Akira,1988,124,8.0,,165326,0.55
497,End of Watch,2012,109,7.6,68.0,228472,41.0
498,Rebecca,1940,130,8.1,86.0,124231,4.36
499,In the Heat of the Night,1967,110,7.9,75.0,67946,24.38
500,The Holy Mountain,1973,114,7.9,76.0,37329,0.06
501,La Haine,1995,98,8.1,,150861,0.31
502,Before Sunset,2004,80,8.1,90.0,236903,5.82
503,The Skin I Live In,2011,120,7.6,70.0,139251,3.19
504,Match Point,2005,124,7.6,72.0,206551,23.09
505,Shoplifters,2018,121,7.9,93.0,63200,3.31
506,The French Connection,1971,104,7.7,94.0,110313,15.63
507,Spartacus,1960,197,7.9,87.0,124550,30.0
508,Sunset Blvd.,1950,110,8.4,,202146,
509,Metropolis,1927,153,8.3,98.0,160419,1.24
510,The Illusionist,2006,110,7.6,68.0,355098,39.87
511,The Sting,1973,129,8.3,83.0,242026,159.6
512,Ponyo,2008,101,7.7,86.0,125806,15.09
513,Coraline,2009,100,7.7,80.0,198119,75.29
514,Network,1976,121,8.1,83.0,145191,
515,The Lego Movie,2014,100,7.7,83.0,324368,257.76
516,The Birds,1963,119,7.7,90.0,172051,11.4
517,Dirty Harry,1971,102,7.7,90.0,143552,35.9
518,Ed Wood,1994,127,7.8,70.0,165091,5.89
519,The Fall,2006,117,7.9,64.0,107384,2.28
520,Fantastic Planet,1973,72,7.8,73.0,25427,0.19
521,Klaus,2019,96,8.2,65.0,105840,
522,Before Midnight,2013,109,7.9,94.0,141829,8.11
523,Papillon,1973,151,8.0,58.0,121776,53.27
524,Annie Hall,1977,93,8.0,92.0,252114,39.2
525,Perfect Blue,1997,81,8.0,,58546,0.78
526,The Killing Fields,1984,141,7.8,76.0,51703,34.7
527,The Bridge on the River Kwai,1957,161,8.1,87.0,203901,44.91
528,Sling Blade,1996,135,8.0,84.0,86975,24.48
529,The Raid: Redemption,2011,101,7.6,73.0,190774,4.11
530,Nausicaä of the Valley of the Wind,1984,117,8.1,86.0,151432,0.5
531,The Apartment,1960,125,8.3,94.0,164816,18.6
532,Die Hard with a Vengeance,1995,128,7.6,58.0,364823,100.01
533,Run Lola Run,1998,80,7.6,77.0,188547,7.27
534,Hotel Rwanda,2004,121,8.1,79.0,334832,23.53
535,Monty Python's Life of Brian,1979,94,8.1,77.0,367968,20.05
536,Paths of Glory,1957,88,8.4,90.0,178665,
537,Fiddler on the Roof,1971,181,8.0,67.0,39563,80.5
538,Funny Games,1997,108,7.6,69.0,65238,
539,Mississippi Burning,1988,128,7.8,65.0,88432,34.6
540,Hara-Kiri,1962,133,8.6,85.0,42443,
541,For a Few Dollars More,1965,132,8.2,74.0,233370,15.0
542,Kiki's Delivery Service,1989,103,7.8,83.0,124755,
543,Glengarry Glen Ross,1992,100,7.7,82.0,96016,10.73
544,How to Train Your Dragon 2,2014,102,7.8,76.0,306167,177.0
545,Persona,1966,83,8.1,86.0,103637,
546,The Searchers,1956,119,7.9,94.0,80466,
547,Chungking Express,1994,102,8.1,77.0,63430,0.6
548,"Blood In, Blood Out",1993,180,8.0,47.0,28868,4.5
549,The King of Comedy,1982,109,7.8,73.0,88877,2.5
550,The Right Stuff,1983,193,7.8,91.0,56317,21.5
551,Clerks,1994,92,7.7,70.0,211620,3.15
552,A Fistful of Dollars,1964,99,8.0,65.0,198655,14.5
553,A Separation,2011,123,8.3,95.0,220563,7.1
554,Rushmore,1998,93,7.7,86.0,169488,17.11
555,Where Eagles Dare,1968,158,7.7,63.0,52001,
556,Ray,2004,152,7.7,73.0,138613,75.33
557,Amores Perros,2000,154,8.1,83.0,224079,5.38
558,The Name of the Rose,1986,130,7.7,54.0,102192,7.15
559,A Streetcar Named Desire,1951,122,8.0,97.0,99363,8.0
560,The Artist,2011,100,7.9,89.0,230903,44.67
561,21 Grams,2003,124,7.6,70.0,224828,16.29
562,The Iron Giant,1999,86,8.0,85.0,172421,23.16
563,The Last Emperor,1987,163,7.7,76.0,94592,43.98
564,"Synecdoche, New York",2008,124,7.6,67.0,83369,3.08
565,Dawn of the Dead,1978,127,7.9,71.0,111633,5.1
566,Paddington 2,2017,103,7.8,88.0,61826,40.44
567,The Best Offer,2013,131,7.8,49.0,108666,0.09
568,The Nightmare Before Christmas,1993,76,8.0,82.0,300609,75.08
569,Naked,1993,132,7.8,84.0,34739,1.77
570,Gandhi,1982,191,8.0,79.0,217915,52.77
571,Ip Man,2008,106,8.0,59.0,211712,
572,Seven Pounds,2008,123,7.6,36.0,287119,69.95
573,Sing Street,2016,106,7.9,79.0,85319,3.24
574,The Man from Earth,2007,87,7.9,,174421,
575,Miller's Crossing,1990,115,7.7,66.0,126006,5.08
576,Ordinary People,1980,124,7.7,86.0,47208,54.8
577,Star Trek II: The Wrath of Khan,1982,113,7.7,67.0,112845,78.91
578,Days of Heaven,1978,94,7.8,93.0,52998,
579,The Body,2012,112,7.6,,57777,
580,Serpico,1973,130,7.7,87.0,110199,29.8
581,This Is England,2006,101,7.7,86.0,115735,0.33
582,Hero,2002,120,7.9,85.0,174147,53.71
583,Let the Right One In,2008,114,7.9,82.0,205811,2.12
584,The Wind Rises,2013,126,7.8,83.0,74003,5.21
585,Andhadhun,2018,139,8.3,,72298,1.37
586,The Last King of Scotland,2006,123,7.7,74.0,175598,17.61
587,Nebraska,2013,115,7.7,87.0,112483,17.65
588,Like Stars on Earth,2007,165,8.4,,169509,1.22
589,Rebel Without a Cause,1955,111,7.7,89.0,83570,
590,Mother,2009,129,7.8,79.0,53110,0.55
591,God's Own Country,2017,104,7.7,85.0,25330,0.34
592,The Remains of the Day,1993,134,7.8,84.0,66242,22.95
593,October Sky,1999,108,7.8,71.0,83009,32.48
594,Escape from Alcatraz,1979,112,7.6,76.0,122076,43.0
595,Three Colors: Red,1994,99,8.1,100.0,91091,4.04
596,I Am Sam,2001,132,7.7,28.0,143046,40.31
597,The Dirty Dozen,1967,150,7.7,73.0,67264,45.3
598,Short Term 12,2013,96,8.0,82.0,81942,1.01
599,"Planes, Trains & Automobiles",1987,93,7.6,72.0,124980,49.53
600,Night of the Living Dead,1968,96,7.9,89.0,116750,0.09
601,Ran,1985,162,8.2,96.0,112844,4.14
602,Solaris,1972,167,8.1,90.0,81307,
603,The Hurricane,1999,146,7.6,74.0,91719,50.67
604,Cinderella Man,2005,144,8.0,69.0,176408,61.65
605,Castle in the Sky,1986,125,8.0,78.0,150576,
606,Kramer vs. Kramer,1979,105,7.8,77.0,133645,106.26
607,Pride,2014,119,7.8,79.0,52008,
608,Kung Fu Hustle,2004,99,7.7,78.0,127449,17.11
609,M,1931,99,8.3,,143863,0.03
610,Barton Fink,1991,116,7.7,69.0,113395,6.15
611,Who's Afraid of Virginia Woolf?,1966,131,8.0,75.0,69041,
612,Double Indemnity,1944,107,8.3,95.0,143936,5.72
613,Me and Earl and the Dying Girl,2015,105,7.7,74.0,123442,6.74
614,The Great Dictator,1940,125,8.4,,203677,0.29
615,Crimes and Misdemeanors,1989,104,7.9,77.0,54748,18.25
616,High Noon,1952,85,7.9,89.0,97352,9.45
617,The Straight Story,1999,112,8.0,86.0,82221,6.2
618,The Maltese Falcon,1941,100,8.0,96.0,149138,2.11
619,The Night of the Hunter,1955,92,8.0,99.0,82148,0.65
620,50/50,2011,100,7.6,72.0,315683,35.01
621,The Great Beauty,2013,141,7.8,86.0,81295,2.85
622,The Man Who Shot Liberty Valance,1962,123,8.1,94.0,68981,
623,Guess Who's Coming to Dinner,1967,108,7.8,63.0,39746,56.7
624,All About Eve,1950,138,8.2,98.0,120828,0.01
625,A Little Princess,1995,97,7.7,83.0,32297,10.02
626,The Celebration,1998,105,8.0,82.0,78518,1.65
627,Blow-Up,1966,111,7.6,82.0,56669,
628,Tumbbad,2018,104,8.3,,28017,
629,8½,1963,138,8.0,91.0,109058,0.05
630,Flipped,2010,90,7.7,45.0,81577,1.75
631,The Philadelphia Story,1940,112,7.9,96.0,63654,
632,Wings of Desire,1987,128,8.0,79.0,64908,3.33
633,All About My Mother,1999,101,7.8,87.0,89239,8.26
634,Witness for the Prosecution,1957,116,8.4,,109277,8.18
635,The Third Man,1949,93,8.1,97.0,159071,0.45
636,The Outlaw Josey Wales,1976,135,7.8,69.0,65798,31.8
637,Roman Holiday,1953,118,8.0,78.0,127440,
638,East of Eden,1955,118,7.9,72.0,40440,
639,The Thin Man,1934,91,8.0,86.0,26696,
640,Sabrina,1954,113,7.7,72.0,59510,
641,Mommy,2014,139,8.1,74.0,50842,3.49
642,Dancer in the Dark,2000,140,8.0,61.0,102467,4.18
643,Fallen Angels,1995,99,7.7,71.0,26607,
644,Finding Neverland,2004,106,7.6,67.0,198892,51.68
645,The Secret World of Arrietty,2010,94,7.6,80.0,81266,19.2
646,Three Colors: Blue,1993,94,7.9,85.0,90180,1.32
647,The Raid 2,2014,150,8.0,71.0,114474,2.63
648,The Mirror,1975,107,8.1,80.0,40277,0.18
649,Fanny and Alexander,1982,188,8.1,100.0,57874,4.97
650,Lucky Number Slevin,2006,110,7.7,53.0,299755,22.49
651,Paprika,2006,90,7.7,81.0,71609,0.88
652,Modern Times,1936,87,8.5,96.0,218524,0.16
653,Beasts of No Nation,2015,137,7.7,79.0,74162,0.08
654,My Left Foot,1989,103,7.9,97.0,68280,14.74
655,Black Book,2006,145,7.7,71.0,72739,4.4
656,Time of the Gypsies,1988,142,8.2,,26638,0.28
657,A Christmas Story,1983,93,7.9,77.0,133070,20.61
658,Rashomon,1950,88,8.2,98.0,153044,0.1
659,To Have and Have Not,1944,100,7.8,,31142,
660,Whisper of the Heart,1995,111,7.9,75.0,52228,
661,Dial M for Murder,1954,105,8.2,75.0,158798,0.01
662,Kelly's Heroes,1970,144,7.6,50.0,45383,1.38
663,The Best Years of Our Lives,1946,170,8.0,93.0,57350,23.65
664,It Happened One Night,1934,105,8.1,87.0,94269,4.36
665,The Quiet Man,1952,129,7.7,,34749,10.55
666,Rio Bravo,1959,141,8.0,93.0,56408,12.54
667,The Bridges of Madison County,1995,135,7.6,69.0,73361,71.52
668,Evil Dead II,1987,84,7.8,72.0,148535,5.92
669,Rope,1948,80,8.0,73.0,130106,
670,What Ever Happened to Baby Jane?,1962,134,8.1,75.0,50167,4.05
671,The Longest Day,1962,178,7.8,75.0,52194,39.1
672,Being There,1979,130,8.0,83.0,65741,30.18
673,Porco Rosso,1992,94,7.7,83.0,78121,
674,Giant,1956,201,7.6,84.0,34164,
675,Soorarai Pottru,2020,153,8.6,,55621,
676,Stagecoach,1939,96,7.8,93.0,43745,
677,The Wild Bunch,1969,135,7.9,97.0,77494,12.06
678,Cabaret,1972,124,7.8,80.0,48429,42.77
679,Tangerines,2013,87,8.2,73.0,40659,0.14
680,Neon Genesis Evangelion: The End of Evangelion,1997,87,8.1,,39169,
681,Song of the Sea,2014,93,8.1,85.0,51888,0.86
682,Gangs of Wasseypur,2012,321,8.2,89.0,82612,
683,Dead Man's Shoes,2004,90,7.6,52.0,49813,0.01
684,Mary and Max,2009,92,8.1,,164738,
685,Dead Man,1995,121,7.6,62.0,90595,1.04
686,The Kid,1921,68,8.3,,113779,5.45
687,La Dolce Vita,1960,174,8.0,95.0,66749,19.52
688,The Man from Nowhere,2010,119,7.8,,63017,0.01
689,Harold and Maude,1971,91,7.9,62.0,70945,
690,Nosferatu,1922,94,7.9,,88965,
691,Pink Floyd: The Wall,1982,95,8.1,47.0,76190,22.24
692,Belle de Jour,1967,100,7.7,,40359,0.03
693,Amour,2012,127,7.9,94.0,93286,6.74
694,All That Jazz,1979,123,7.9,72.0,28284,37.82
695,Battleship Potemkin,1925,66,8.0,97.0,53196,0.05
696,Once,2007,86,7.8,88.0,110796,9.44
697,Breathless,1960,90,7.8,,73424,0.34
698,Baahubali: The Beginning,2015,159,8.0,,103144,6.74
699,PK,2014,153,8.1,,163496,10.62
700,City Lights,1931,87,8.5,99.0,168315,0.02
701,25th Hour,2002,135,7.6,68.0,169892,13.06
702,Notorious,1946,102,7.9,100.0,92454,10.46
703,Zulu,1964,138,7.7,77.0,36062,
704,Perfect Strangers,2016,96,7.8,,57391,
705,Touch of Evil,1958,95,8.0,99.0,98554,2.24
706,Bicycle Thieves,1948,89,8.3,,146943,0.33
707,The Verdict,1982,129,7.7,77.0,36167,54.0
708,A Prophet,2009,155,7.9,90.0,93671,2.08
709,Letters from Iwo Jima,2006,141,7.9,89.0,154163,13.76
710,Judgment at Nuremberg,1961,179,8.2,60.0,69660,
711,Breaking the Waves,1996,159,7.8,76.0,62526,4.04
712,Kubo and the Two Strings,2016,101,7.8,84.0,118243,48.02
713,Manhattan,1979,96,7.9,83.0,131603,45.7
714,"Spring, Summer, Fall, Winter... and Spring",2003,103,8.0,85.0,77643,2.38
715,Wild Strawberries,1957,91,8.2,88.0,96727,
716,The Diving Bell and the Butterfly,2007,112,8.0,92.0,103412,5.99
717,Happiness,1998,134,7.7,81.0,66481,2.81
718,Victoria,2015,138,7.6,77.0,53065,
719,The Tenant,1976,126,7.7,71.0,39989,1.92
720,Detachment,2011,98,7.7,52.0,77219,0.07
721,The Grapes of Wrath,1940,129,8.0,96.0,85731,0.06
722,Yojimbo,1961,110,8.2,,111639,
723,Hamlet,1996,242,7.7,,36043,4.41
724,Drishyam,2015,163,8.2,,70697,0.74
725,The Chaser,2008,125,7.8,64.0,58637,
726,Short Cuts,1993,188,7.7,79.0,42332,6.11
727,Strangers on a Train,1951,101,7.9,88.0,123513,7.63
728,The Long Goodbye,1973,112,7.6,87.0,26413,0.96
729,The Adventures of Robin Hood,1938,102,7.9,97.0,47239,3.98
730,The Killing,1956,84,8.0,91.0,81874,
731,The Muppet Movie,1979,95,7.6,74.0,32865,76.66
732,A Man Called Ove,2015,116,7.7,70.0,47624,3.36
733,La Vie En Rose,2007,140,7.6,66.0,82887,10.3
734,The Ladykillers,1955,91,7.7,91.0,26544,
735,Patton,1970,172,7.9,91.0,93848,61.7
736,Hannah and Her Sisters,1986,107,7.9,90.0,67278,40.08
737,High and Low,1963,143,8.4,,34702,
738,The 400 Blows,1959,99,8.1,,105618,
739,Ikiru,1952,143,8.3,,68780,0.06
740,Watership Down,1978,91,7.6,64.0,33708,
741,The Manchurian Candidate,1962,126,7.9,94.0,71196,
742,Philomena,2013,98,7.6,77.0,94302,37.71
743,The Day of the Jackal,1973,143,7.8,80.0,37537,16.06
744,Loving Vincent,2017,94,7.8,62.0,50939,6.74
745,The Tale of The Princess Kaguya,2013,137,8.0,89.0,38958,1.51
746,Stalag 17,1953,120,8.0,84.0,51096,
747,On Golden Pond,1981,109,7.6,68.0,27706,119.29
748,K.G.F: Chapter 1,2018,156,8.2,,37047,
749,Underground,1995,167,8.1,,55296,0.17
750,Children of Heaven,1997,89,8.3,77.0,65612,0.93
751,The African Queen,1951,105,7.7,91.0,71584,0.54
752,The Secret of Kells,2009,75,7.6,81.0,31895,0.69
753,Vikram Vedha,2017,147,8.4,,28617,
754,Out of the Past,1947,97,8.0,,32883,
755,The Big Sleep,1946,114,7.9,,78897,6.54
756,When Marnie Was There,2014,103,7.7,72.0,32991,0.77
757,Anatomy of a Murder,1959,161,8.0,95.0,59952,11.9
758,Good Bye Lenin!,2003,121,7.7,68.0,138154,4.06
759,Winter Sleep,2014,196,8.1,88.0,46695,0.17
760,Waking Life,2001,99,7.8,83.0,60772,2.89
761,A Hard Day's Night,1964,87,7.6,96.0,40434,13.78
762,"Aguirre, the Wrath of God",1972,95,7.9,,52522,
763,Fantasia,1940,125,7.7,96.0,88793,76.41
764,The Double Life of Véronique,1991,98,7.8,86.0,42554,2.0
765,The Treasure of the Sierra Madre,1948,126,8.2,98.0,114570,5.01
766,Andrei Rublev,1966,205,8.1,,47176,0.1
767,Delicatessen,1991,99,7.6,66.0,80613,1.79
768,Sympathy for Mr. Vengeance,2002,129,7.6,56.0,62773,0.05
769,Three Colors: White,1994,92,7.6,88.0,64657,1.46
770,The Vanishing,1988,107,7.7,,34045,
771,Infernal Affairs,2002,101,8.0,75.0,117981,0.17
772,Shadow of a Doubt,1943,108,7.8,94.0,59675,
773,Once Were Warriors,1994,102,7.9,77.0,31637,2.2
774,Le Samouraï,1967,101,8.1,,45569,0.04
775,Open Your Eyes,1997,119,7.7,,64170,0.37
776,His Girl Friday,1940,92,7.9,,53766,0.3
777,Repulsion,1965,105,7.7,91.0,48990,
778,My Name Is Khan,2010,165,8.0,50.0,98716,4.02
779,3-Iron,2004,88,8.0,72.0,50706,0.24
780,The Taking of Pelham One Two Three,1974,104,7.7,68.0,26796,
781,Cat on a Hot Tin Roof,1958,108,8.0,84.0,45166,17.57
782,Frankenstein,1931,70,7.8,91.0,65468,
783,The Lady Vanishes,1938,96,7.8,98.0,47505,
784,Frost/Nixon,2008,122,7.7,80.0,103452,18.59
785,Autumn Sonata,1978,99,8.2,,27111,
786,Fitzcarraldo,1982,158,8.1,,31690,
787,Freaks,1932,64,7.9,80.0,42175,
788,Mysterious Skin,2004,105,7.6,73.0,66001,0.7
789,A Very Long Engagement,2004,133,7.6,76.0,70988,6.17
790,Paper Moon,1973,102,8.1,77.0,42348,30.93
791,Hedwig and the Angry Inch,2001,95,7.7,85.0,31991,3.03
792,The Legend of 1900,1998,169,8.1,58.0,59130,0.26
793,Dil Bechara,2020,101,7.9,,111773,
794,The Lion in Winter,1968,134,7.9,,29038,22.28
795,The Hustler,1961,134,8.0,90.0,75150,8.28
796,"South Park: Bigger, Longer & Uncut",1999,81,7.7,73.0,192255,52.04
797,Withnail & I,1987,107,7.7,84.0,40476,1.54
798,The Conformist,1970,113,8.0,100.0,27171,0.54
799,The Day the Earth Stood Still,1951,92,7.7,,76374,
800,Death Note,2006,126,7.7,,28665,
801,The Wave,2008,107,7.6,,102896,
802,Talk to Her,2002,112,7.9,86.0,104820,9.28
803,Leviathan,2014,140,7.6,92.0,49513,1.09
804,Secrets & Lies,1996,136,8.0,91.0,37679,13.42
805,Control,2007,122,7.7,78.0,61688,0.87
806,Lupin the 3rd: Castle of Cagliostro,1979,102,7.7,71.0,27115,
807,Mr. Smith Goes to Washington,1939,129,8.1,73.0,107207,9.6
808,The Little Prince,2015,108,7.7,70.0,56853,1.34
809,The White Ribbon,2009,144,7.8,82.0,68825,2.22
810,Darbareye Elly,2009,119,8.0,87.0,46065,0.11
811,Baahubali 2: The Conclusion,2017,167,8.2,,75526,20.19
812,Red River,1948,133,7.8,,28230,
813,Tokyo Story,1953,136,8.2,,53388,
814,Lagaan: Once Upon a Time in India,2001,224,8.1,84.0,105238,0.07
815,A Man for All Seasons,1966,120,7.7,72.0,31295,28.35
816,Rififi,1955,118,8.1,97.0,29012,0.06
817,Ninja Scroll,1993,94,7.9,,34593,
818,All Quiet on the Western Front,1930,152,8.0,91.0,57382,3.27
819,The Station Agent,2003,89,7.6,81.0,67432,5.74
820,The Passion of Joan of Arc,1928,114,8.1,,47924,0.02
821,"I, Daniel Blake",2016,100,7.9,78.0,54014,0.26
822,The Motorcycle Diaries,2004,126,7.8,75.0,96797,16.76
823,Night on Earth,1991,129,7.8,68.0,55491,2.02
824,Loveless,2017,127,7.6,86.0,29862,0.57
825,Elite Squad,2007,115,8.0,33.0,98224,0.01
826,Land of Mine,2015,100,7.8,75.0,35674,0.44
827,The World's Fastest Indian,2005,127,7.8,68.0,52036,5.13
828,The Broken Circle Breakdown,2012,111,7.7,70.0,39439,0.18
829,Bringing Up Baby,1938,102,7.8,91.0,55281,
830,Peeping Tom,1960,101,7.7,,31418,0.08
831,The Cabinet of Dr. Caligari,1920,67,8.1,,57559,
832,Invasion of the Body Snatchers,1956,80,7.7,92.0,44920,
833,After the Wedding,2006,120,7.7,78.0,32051,0.41
834,Wolf Children,2012,117,8.1,71.0,38942,
835,Duck You Sucker,1971,138,7.6,77.0,30210,0.7
836,Shine,1996,105,7.7,87.0,51413,35.81
837,Scarface,1932,93,7.8,87.0,25362,
838,The Wages of Fear,1953,131,8.1,85.0,54739,
839,Arsenic and Old Lace,1942,118,8.0,,65202,
840,The Message,1976,177,8.2,,43945,
841,Cries & Whispers,1972,91,8.1,,30312,1.74
842,The Salesman,2016,124,7.8,85.0,51521,2.4
843,The Invisible Man,1933,71,7.7,87.0,30764,
844,The Bandit,1996,128,8.2,,64263,
845,Amarcord,1973,123,7.9,,39959,
846,Mustang,2015,97,7.6,83.0,35856,0.85
847,The Red Shoes,1948,135,8.1,,31026,10.9
848,Gilda,1946,110,7.7,,28041,
849,Eyes Without a Face,1960,90,7.7,90.0,27716,0.05
850,The Battle of Algiers,1966,121,8.1,96.0,53270,0.06
851,In a Lonely Place,1950,94,8.0,,26880,
852,Cowboy Bebop: The Movie,2001,115,7.9,61.0,42969,1.0
853,Laura,1944,88,7.9,,42802,4.36
854,The Innocents,1961,100,7.8,88.0,27064,2.62
855,The Return,2003,110,8.0,82.0,42484,0.5
856,Batman: Mask of the Phantasm,1993,76,7.8,,43800,5.62
857,The Sea Inside,2004,126,8.0,74.0,77666,2.09
858,Adam's Apples,2005,94,7.8,51.0,45812,0.0
859,Rang De Basanti,2006,167,8.2,,112149,2.2
860,Zindagi Na Milegi Dobara,2011,155,8.1,,68051,3.11
861,Bajrangi Bhaijaan,2015,163,8.0,,72394,8.18
862,Lilya 4-Ever,2002,109,7.8,82.0,42741,0.18
863,The Hidden Fortress,1958,126,8.1,,34968,
864,Only Yesterday,1991,118,7.6,90.0,27210,0.45
865,Kagemusha,1980,162,8.0,84.0,32283,
866,The Bride of Frankenstein,1935,75,7.8,95.0,43622,4.36
867,Down by Law,1986,107,7.8,75.0,47935,1.44
868,Throne of Blood,1957,110,8.1,,46852,
869,Gully Boy,2019,154,8.0,65.0,32014,5.57
870,Sweet Smell of Success,1957,96,8.0,100.0,28250,
871,Rockstar,2011,159,7.7,,39573,0.99
872,To Be or Not to Be,1942,99,8.2,86.0,30127,
873,"Black Cat, White Cat",1998,127,8.1,73.0,50942,0.35
874,The Discreet Charm of the Bourgeoisie,1972,102,7.9,93.0,38851,0.2
875,The Odd Couple,1968,105,7.7,86.0,31626,44.53
876,Ivan's Childhood,1962,84,8.1,,31891,
877,Au Revoir les Enfants,1987,104,8.0,88.0,31222,4.54
878,My Father and My Son,2005,112,8.3,,79180,
879,Once Upon a Time in Anatolia,2011,157,7.9,82.0,42126,0.14
880,Evil,2003,113,7.8,61.0,35719,0.02
881,The 39 Steps,1935,86,7.6,93.0,51974,
882,Head-On,2004,121,7.9,78.0,51388,
883,Wait Until Dark,1967,108,7.8,81.0,27781,17.55
884,Cape Fear,1962,106,7.7,76.0,26510,
885,Brief Encounter,1945,86,8.0,92.0,35692,
886,The Experiment,2001,120,7.7,60.0,90905,0.14
887,Persepolis,2007,96,8.0,90.0,88784,4.45
888,The Gold Rush,1925,95,8.2,,101386,5.45
889,Sleuth,1972,138,8.0,,44806,4.08
890,Lifeboat,1944,97,7.6,78.0,26519,
891,The General,1926,67,8.1,,81395,1.03
892,The Girl Who Leapt Through Time,2006,98,7.7,,60497,
893,Pink,2016,136,8.1,,39321,1.24
894,Inherit the Wind,1960,128,8.1,75.0,27307,
895,The Lunchbox,2013,104,7.8,76.0,50644,4.23
896,Barfi!,2012,151,8.1,,75845,2.8
897,Hard Boiled,1992,128,7.8,,46784,
898,Ayla: The Daughter of War,2017,125,8.4,,34267,
899,La Strada,1954,108,8.0,,58414,
900,Confessions,2010,106,7.8,,35777,
901,No Man's Land,2001,98,7.9,84.0,44731,1.06
902,Kind Hearts and Coronets,1949,106,8.0,,34540,
903,Jules and Jim,1962,105,7.8,97.0,37721,
904,Celda 211,2009,113,7.6,,63978,
905,The Chorus,2004,97,7.9,56.0,57530,3.64
906,Queen,2013,146,8.2,,60791,1.43
907,Joint Security Area,2000,110,7.8,58.0,26588,
908,Diabolique,1955,117,8.0,,61593,
909,In a Better World,2010,118,7.6,65.0,38528,1.01
910,Interstate 60: Episodes of the Road,2002,116,7.7,,30048,
911,Uri: The Surgical Strike,2018,138,8.2,,43585,4.19
912,"4 Months, 3 Weeks and 2 Days",2007,113,7.9,97.0,56722,1.19
913,The Virgin Spring,1960,89,8.1,,26763,1.53
914,Tokyo Godfathers,2003,92,7.8,73.0,31787,0.13
915,Kal ho naa ho,2003,186,7.9,54.0,63566,1.79
916,Sunrise,1927,94,8.1,,46944,0.54
917,Fearless,2006,104,7.6,70.0,72936,24.63
918,In America,2002,105,7.7,76.0,40420,15.54
919,Love Me If You Dare,2003,93,7.6,45.0,67428,0.55
920,Swades,2004,189,8.2,,83122,1.22
921,Key Largo,1948,100,7.8,,37051,
922,Miracle on 34th Street,1947,96,7.9,88.0,41675,2.65
923,The Lost Weekend,1945,101,7.9,,33603,9.46
924,Black,2005,122,8.2,,33403,0.73
925,Harvey,1950,104,7.9,,52616,
926,Nights of Cabiria,1957,110,8.1,,43020,0.75
927,Vivre Sa Vie,1962,85,8.0,,28171,
928,The Magdalene Sisters,2002,114,7.7,83.0,25976,4.89
929,Anand,1971,122,8.4,,30415,
930,The Killer,1989,111,7.8,82.0,45690,
931,Fireworks,1997,103,7.8,,27772,0.23
932,Raise the Red Lantern,1991,125,8.1,,29720,2.6
933,Farewell My Concubine,1993,171,8.1,,25146,5.22
934,My Sassy Girl,2001,137,8.0,,45449,
935,Dilwale Dulhania Le Jayenge,1995,181,8.1,,63618,
936,White Heat,1949,114,8.1,,29866,
937,Il Postino,1994,108,7.7,81.0,33667,21.85
938,The Shop Around the Corner,1940,99,8.1,96.0,28512,0.2
939,Duck Soup,1933,69,7.8,93.0,55646,
940,The Past,2013,130,7.8,85.0,45059,1.33
941,Dil Chahta Hai,2001,183,8.1,,66890,0.3
942,Departures,2008,130,8.1,68.0,48671,1.5
943,L'Avventura,1960,144,7.9,,26623,
944,Love and Death,1975,85,7.7,89.0,36099,
945,Elite Squad 2: The Enemy Within,2010,115,8.0,71.0,79287,0.1
946,Hiroshima Mon Amour,1959,90,7.9,,28499,0.09
947,Nine Queens,2000,114,7.9,80.0,49805,1.22
948,Badhaai Ho,2018,124,8.0,,28054,
949,Chhichhore,2019,143,8.2,,34082,0.9
950,Talvar,2015,132,8.2,,31212,0.34
951,The Exterminating Angel,1962,95,8.1,,29731,
952,Sanjuro,1962,96,8.1,,33244,
953,The Purple Rose of Cairo,1985,82,7.7,75.0,47180,10.63
954,Sherlock Jr.,1924,45,8.2,,42198,0.98
955,Ace in the Hole,1951,111,8.1,72.0,31639,3.97
956,The Triplets of Belleville,2003,78,7.8,91.0,50671,7.0
957,Kahaani,2012,122,8.1,,57875,1.04
958,Joyeux Noel,2005,116,7.7,70.0,28034,1.05
959,Knockin' on Heaven's Door,1997,87,8.0,,27768,0.0
960,Haider,2014,160,8.1,,50494,0.9
961,Central Station,1998,115,8.0,80.0,36498,5.6
962,The Rules of the Game,1939,110,8.0,,26774,
963,La Grande Illusion,1937,113,8.1,,33887,0.17
964,Vampire Hunter D: Bloodlust,2000,103,7.7,62.0,29259,0.15
965,Udaan,2010,134,8.2,,42384,0.01
966,Hera Pheri,2000,156,8.2,,57166,
967,Jab We Met,2007,138,7.9,,47779,0.41
968,The Muppet Christmas Carol,1992,85,7.7,64.0,50355,27.28
969,Veer-Zaara,2004,192,7.8,67.0,49191,2.92
970,Le Dîner de Cons,1998,80,7.7,73.0,37473,4.07
971,C.R.A.Z.Y.,2005,129,7.9,81.0,31501,
972,G.O.R.A.,2004,127,8.0,,57091,
973,M.S. Dhoni: The Untold Story,2016,184,7.8,,40546,1.78
974,Special 26,2013,144,8.0,,51149,1.08
975,Baby,2015,159,8.0,,52903,
976,Zelig,1983,79,7.7,,39937,11.8
977,Chak De! India,2007,153,8.2,68.0,74314,1.11
978,Dev.D,2009,144,8.0,,28785,0.01
979,The Edge of Heaven,2007,122,7.8,85.0,30858,0.74
980,The Circus,1928,72,8.1,90.0,30327,
981,Tae Guk Gi: The Brotherhood of War,2004,140,8.1,64.0,37863,1.11
982,A Wednesday,2008,104,8.1,,73959,
983,Sholay,1975,162,8.2,,51354,
984,Paan Singh Tomar,2012,135,8.2,,33286,0.04
985,A Night at the Opera,1935,96,7.9,,30610,2.54
986,Raazi,2018,138,7.8,,25409,
987,Andaz Apna Apna,1994,160,8.2,,49369,
988,Udta Punjab,2016,148,7.8,,27215,
989,Bhaag Milkha Bhaag,2013,186,8.2,,61226,1.63
990,Drishyam,2013,160,8.3,,30822,
991,Kai Po Che,2013,120,7.7,40.0,32691,1.12
992,Vicky Donor,2012,126,7.8,,39765,0.17
993,Airlift,2016,130,8.0,,52936,
994,English Vinglish,2012,134,7.8,,33717,1.67
995,Munna Bhai M.B.B.S.,2003,156,8.1,,74137,
996,Lage Raho Munna Bhai,2006,144,8.0,,43205,2.22
997,OMG: Oh My God!,2012,125,8.1,,51845,0.92
998,Vizontele,2001,110,8.0,,33670,
999,The Breath,2009,128,8.0,,31886,
